language_count,distribution,project_count
3,0.28205128205128205,11
4,0.10256410256410256,4
2,0.41025641025641024,16
7,0.02564102564102564,1
5,0.1282051282051282,5
8,0.02564102564102564,1
12,0.05128205128205128,2
11,0.02564102564102564,1
